{
  "Cubic (Ideal)": {
    "angle": 180.0,
    "overlap_factor": 1.0,
    "band_width": 11.350655414622908,
    "band_gap": 4.0,
    "bands": [
      [
        -17.350655414622913,
        -17.34207105955479,
        -17.316352633867815,
        -17.27360392206382,
        -17.21399745196834,
        -17.137773826925404,
        -17.045240794275337,
        -16.93677205348134,
        -16.81280580817463,
        -16.673843067247837,
        -16.520445700930356,
        -16.35323425851493,
        -16.17288555505875,
        -15.980130034940101,
        -15.77574892059731,
        -15.560571155093491,
        -15.335470147321796,
        -15.101360328673248,
        -14.85919352981758,
        -14.609955185883786,
        -14.354660377764517,
        -14.094349716510806,
        -13.83008507685057,
        -13.562945184800267,
        -13.294021063222631,
        -13.024411338142782,
        -12.755217407861773,
        -12.487538476675976,
        -12.222466455698267,
        -11.961080735373123,
        -11.704442838392312,
        -11.45359096856403,
        -11.209534481534398,
        -10.973248317833411,
        -10.745667458041241,
        -10.527681484027955,
        -10.3201293585394,
        -10.123794566103488,
        -9.939400788087099,
        -9.767608308877495,
        -9.609011362187953,
        -9.464136619034509,
        -9.333442984864458,
        -9.21732280751333,
        -9.116104499152952,
        -9.030056449350523,
        -8.959391965253747,
        -8.904274838033512,
        -8.864825025623428,
        -8.841123883897087,
        -8.833218389437828,
        -8.825315565714241,
        -8.801654402362288,
        -8.76237717777564,
        -8.707722237220946,
        -8.638025927649553,
        -8.553725542173055,
        -8.455363534075229,
        -8.343593371322491,
        -8.219187545292328,
        -8.083048432917431,
        -7.936222951661887,
        -7.779922251719439,
        -7.615548059555597,
        -7.444727692403303,
        -7.2693601047377,
        -7.091675348035446,
        -6.914308944604761,
        -6.74038971302125,
        -6.573632391496645,
        -6.418411771070119,
        -6.279770018483312,
        -6.163276130456241,
        -6.0746361127375685,
        -6.01899224646254,
        -6.0,
        -6.01899224646254,
        -6.0746361127375685,
        -6.163276130456241,
        -6.279770018483312,
        -6.418411771070119,
        -6.573632391496645,
        -6.74038971302125,
        -6.914308944604761,
        -7.091675348035448,
        -7.2693601047377,
        -7.444727692403304,
        -7.615548059555598,
        -7.779922251719438,
        -7.936222951661886,
        -8.083048432917431,
        -8.219187545292328,
        -8.343593371322491,
        -8.455363534075229,
        -8.553725542173053,
        -8.638025927649553,
        -8.707722237220946,
        -8.76237717777564,
        -8.801654402362288,
        -8.825315565714241,
        -8.833218389437828,
        -8.817415425870104,
        -8.770133911024661,
        -8.691760952687535,
        -8.582959159047483,
        -8.4446958726443,
        -8.278291035749072,
        -8.085492619024137,
        -7.8685946025643405,
        -7.63062248361401,
        -7.375627642054442,
        -7.109157278138586,
        -6.838999543617593,
        -6.576319700795563,
        -6.3371952706400485,
        -6.144008404897918,
        -6.024697218703796,
        -6.006435141233432,
        -6.10394742760638,
        -6.312308237744588,
        -6.6123908462184815,
        -6.9817545986642235,
        -7.401212352219188,
        -7.856248746369932,
        -8.336221965346493,
        -8.83321838943783,
        -9.341143753677994,
        -9.855105943389852,
        -10.371017459395748,
        -10.885343144008726,
        -11.394940028303001,
        -11.896955116128268,
        -12.388759828230272,
        -12.867907928076955,
        -13.332108702419509,
        -13.779210188728491,
        -14.207189097169666,
        -14.614145230160679,
        -14.998298933184582,
        -15.357990580261829,
        -15.691681404596771,
        -15.997955189126005,
        -16.27552046978797,
        -16.523212999308036,
        -16.73999828575119,
        -16.9249740674438,
        -17.077372620258995,
        -17.196562818780606,
        -17.282051892260238,
        -17.333486831447427
      ],
      [
        9.350655414622908,
        9.342071059554792,
        9.316352633867817,
        9.273603922063817,
        9.213997451968343,
        9.137773826925407,
        9.045240794275339,
        8.936772053481345,
        8.812805808174627,
        8.673843067247834,
        8.520445700930358,
        8.35323425851493,
        8.172885555058748,
        7.980130034940103,
        7.775748920597313,
        7.560571155093492,
        7.335470147321796,
        7.101360328673245,
        6.859193529817578,
        6.609955185883785,
        6.35466037776452,
        6.094349716510808,
        5.830085076850569,
        5.562945184800265,
        5.29402106322263,
        5.024411338142783,
        4.755217407861773,
        4.487538476675976,
        4.222466455698266,
        3.9610807353731228,
        3.7044428383923114,
        3.453590968564031,
        3.209534481534398,
        2.9732483178334093,
        2.7456674580412415,
        2.527681484027955,
        2.3201293585394005,
        2.123794566103487,
        1.9394007880871003,
        1.767608308877494,
        1.6090113621879538,
        1.4641366190345084,
        1.3334429848644582,
        1.21732280751333,
        1.1161044991529525,
        1.0300564493505238,
        0.9593919652537459,
        0.9042748380335122,
        0.8648250256234282,
        0.8411238838970854,
        0.8332183894378293,
        0.8253155657142408,
        0.8016544023622894,
        0.7623771777756407,
        0.7077222372209468,
        0.6380259276495523,
        0.5537255421730534,
        0.45536353407522934,
        0.3435933713224917,
        0.21918754529232842,
        0.08304843291743169,
        -0.06377704833811304,
        -0.2200777482805607,
        -0.3844519404444027,
        -0.555272307596697,
        -0.7306398952622993,
        -0.9083246519645539,
        -1.0856910553952397,
        -1.2596102869787507,
        -1.4263676085033552,
        -1.581588228929881,
        -1.7202299815166877,
        -1.836723869543759,
        -1.9253638872624312,
        -1.9810077535374597,
        -2.0,
        -1.9810077535374597,
        -1.9253638872624312,
        -1.8367238695437589,
        -1.7202299815166882,
        -1.581588228929881,
        -1.4263676085033556,
        -1.2596102869787507,
        -1.0856910553952392,
        -0.9083246519645525,
        -0.7306398952623,
        -0.5552723075966965,
        -0.38445194044440223,
        -0.2200777482805616,
        -0.06377704833811393,
        0.08304843291743169,
        0.21918754529232776,
        0.34359337132249124,
        0.4553635340752291,
        0.5537255421730527,
        0.6380259276495532,
        0.7077222372209468,
        0.7623771777756398,
        0.8016544023622894,
        0.8253155657142408,
        0.8332183894378293,
        0.8174154258701043,
        0.7701339110246608,
        0.6917609526875341,
        0.5829591590474821,
        0.4446958726442998,
        0.27829103574907177,
        0.0854926190241374,
        -0.1314053974356597,
        -0.36937751638598937,
        -0.6243723579455578,
        -0.8908427218614144,
        -1.1610004563824072,
        -1.4236802992044375,
        -1.662804729359951,
        -1.8559915951020818,
        -1.9753027812962038,
        -1.9935648587665684,
        -1.8960525723936192,
        -1.6876917622554115,
        -1.387609153781519,
        -1.0182454013357765,
        -0.5987876477808118,
        -0.14375125363006735,
        0.3362219653464915,
        0.83321838943783,
        1.3411437536779947,
        1.8551059433898496,
        2.3710174593957487,
